[
  {
    "value": "teamchranz@gmail.com",
    "synonyms": [
      "teamchranz@gmail.com"
    ]
  },
  {
    "value": "gally.limengyang@gmail.com",
    "synonyms": [
      "gally.limengyang@gmail.com"
    ]
  },
  {
    "value": "mengyang.li@students.fhnw.ch",
    "synonyms": [
      "mengyang.li@students.fhnw.ch"
    ]
  },
  {
    "value": "anja.lambinus@students.fhnw.ch",
    "synonyms": [
      "anja.lambinus@students.fhnw.ch"
    ]
  },
  {
    "value": "valeriia.afonina@students.fhnw.ch",
    "synonyms": [
      "valeriia.afonina@students.fhnw.ch"
    ]
  }
]