[
  {
    "value": "Bruce Lee",
    "synonyms": [
      "Bruce Lee"
    ]
  },
  {
    "value": "Mengyang Li",
    "synonyms": [
      "Mengyang Li"
    ]
  },
  {
    "value": "Anja Lambinus",
    "synonyms": [
      "Anja Lambinus"
    ]
  },
  {
    "value": "Valeriia Afonina",
    "synonyms": [
      "Valeriia"
    ]
  },
  {
    "value": "Johnny Depp",
    "synonyms": [
      "Johnny Depp"
    ]
  },
  {
    "value": "John Maier",
    "synonyms": [
      "John Maier"
    ]
  },
  {
    "value": "Taylor Swift",
    "synonyms": [
      "Taylor Swift"
    ]
  },
  {
    "value": "Timo Müller",
    "synonyms": [
      "Timo Müller"
    ]
  },
  {
    "value": "Tina Turner",
    "synonyms": [
      "Tina Turner"
    ]
  },
  {
    "value": "Maja Spahic",
    "synonyms": [
      "Maja"
    ]
  },
  {
    "value": "Knut Hinkelmann",
    "synonyms": [
      "Knut Hinkelmann"
    ]
  },
  {
    "value": "Holger Wache",
    "synonyms": [
      "Holger Wache"
    ]
  },
  {
    "value": "Andreas Martin",
    "synonyms": [
      "Martin"
    ]
  },
  {
    "value": "Emanuele Laurenzi",
    "synonyms": [
      "Emmanuelle Laurenzi"
    ]
  },
  {
    "value": "Charuta Pande",
    "synonyms": [
      "Charuta Pande"
    ]
  },
  {
    "value": "Miguel Angel",
    "synonyms": [
      "Miguel Angel"
    ]
  }
]