[
  {
    "value": "I want to develop a new platform for client onboarding.",
    "synonyms": [
      "I want to develop a new platform for client onboarding."
    ]
  },
  {
    "value": "I want to use RPA to improve our business process.",
    "synonyms": [
      "I want to use RPA to improve our business process.",
      "process"
    ]
  },
  {
    "value": "I want to develop a new investment banking tool.",
    "synonyms": [
      "I want to develop a new investment banking tool.",
      "investment banking"
    ]
  },
  {
    "value": "I want to develop a new app for payments.",
    "synonyms": [
      "I want to develop a new app for payments",
      "payments"
    ]
  },
  {
    "value": "I would like to create a chat bot for funny answers.",
    "synonyms": [
      "I would like to create a chat bot for funny answers.",
      "chat bot"
    ]
  },
  {
    "value": "I would like to design some new architecture for our offices.",
    "synonyms": [
      "I would like to design some new architecture for our offices.",
      "architecture"
    ]
  },
  {
    "value": "I would like to develop a new online tool for kid to learn and have fun.",
    "synonyms": [
      "I would like to develop a new online tool for kid to learn and have fun.",
      "online tool"
    ]
  },
  {
    "value": "client portal",
    "synonyms": [
      "client portal"
    ]
  },
  {
    "value": "enterprise management",
    "synonyms": [
      "enterprise management"
    ]
  },
  {
    "value": "customer and account",
    "synonyms": [
      "customer and account"
    ]
  },
  {
    "value": "documents",
    "synonyms": [
      "documents"
    ]
  },
  {
    "value": "financing",
    "synonyms": [
      "financing"
    ]
  },
  {
    "value": "innovation",
    "synonyms": [
      "innovation",
      "innovation:"
    ]
  }
]