[
  {
    "value": "Process Innovation",
    "synonyms": [
      "Process Innovation"
    ]
  },
  {
    "value": "investment banking",
    "synonyms": [
      "investment banking"
    ]
  },
  {
    "value": "online tools",
    "synonyms": [
      "online tools"
    ]
  },
  {
    "value": "architecture",
    "synonyms": [
      "architecture"
    ]
  },
  {
    "value": "process automation",
    "synonyms": [
      "process automation"
    ]
  },
  {
    "value": "documents",
    "synonyms": [
      "documents"
    ]
  },
  {
    "value": "payments improvement",
    "synonyms": [
      "payments improvement"
    ]
  },
  {
    "value": "process improvement",
    "synonyms": [
      "process improvement"
    ]
  },
  {
    "value": "crypto apps",
    "synonyms": [
      "crypto apps"
    ]
  },
  {
    "value": "new app",
    "synonyms": [
      "new app"
    ]
  }
]